image,threshold
kaz02_0001,115.0
kaz02_0002,121.0
kaz02_0003,121.0
kaz02_0004,116.0
kaz02_0005,117.0
kaz02_0006,118.0
kaz02_0007,117.0
kaz02_0008,116.0
kaz02_0009,119.0
kaz02_0010,119.0
kaz02_0011,119.0
kaz02_0012,118.0
kaz02_0013,117.0
kaz02_0014,118.0
kaz02_0015,118.0
kaz02_0016,116.0
kaz02_0017,119.0
kaz02_0018,118.0
kaz02_0019,118.0
kaz02_0020,119.0
kaz02_0021,118.0
kaz02_0022,116.0
kaz02_0023,116.0
kaz02_0024,118.0
kaz02_0025,115.0
kaz02_0026,114.0
kaz02_0027,114.0
kaz02_0028,115.0
kaz02_0029,116.0
kaz02_0030,114.0
kaz02_0031,114.0
kaz02_0032,116.0
kaz02_0033,117.0
kaz02_0034,116.0
kaz02_0035,113.0
kaz02_0036,116.0
kaz02_0037,118.0
kaz02_0038,116.0
kaz02_0039,117.0
kaz02_0040,117.0
kaz02_0041,118.0
kaz02_0042,118.0
kaz02_0043,118.0
kaz02_0044,114.0
kaz02_0045,118.0
kaz02_0046,116.0
kaz02_0047,117.0
kaz02_0048,116.0
kaz02_0049,131.0
kaz02_0050,127.0
kaz02_0051,130.0
kaz02_0052,131.0
kaz02_0053,131.0
kaz02_0054,127.0
kaz02_0055,129.0
kaz02_0056,131.0
kaz02_0057,120.0
kaz02_0058,125.0
kaz02_0059,125.0
kaz02_0060,122.0
kaz02_0061,121.0
kaz02_0062,124.0
kaz02_0063,125.0
kaz02_0064,120.0
kaz02_0065,124.0
kaz02_0066,120.0
kaz02_0067,121.0
kaz02_0068,125.0
kaz02_0069,123.0
kaz02_0070,118.0
kaz02_0071,119.0
kaz02_0072,121.0
kaz02_0073,129.0
kaz02_0074,125.0
kaz02_0075,127.0
kaz02_0076,129.0
kaz02_0077,127.0
kaz02_0078,124.0
kaz02_0079,126.0
kaz02_0080,127.0
kaz02_0081,137.0
kaz02_0082,131.0
kaz02_0083,133.0
kaz02_0084,137.0
kaz02_0085,136.0
kaz02_0086,130.0
kaz02_0087,131.0
kaz02_0088,136.0
kaz02_0089,126.0
kaz02_0090,124.0
kaz02_0091,125.0
kaz02_0092,125.0
kaz02_0093,124.0
kaz02_0094,122.0
kaz02_0095,124.0
kaz02_0096,123.0
kaz02_0097,126.0
kaz02_0098,123.0
kaz02_0099,125.0
kaz02_0100,126.0
kaz02_0101,125.0
kaz02_0102,124.0
kaz02_0103,125.0
kaz02_0104,125.0
kaz02_0105,121.0
kaz02_0106,125.0
kaz02_0107,125.0
kaz02_0108,120.0
kaz02_0109,118.0
kaz02_0110,122.0
kaz02_0111,123.0
kaz02_0112,116.0
kaz02_0113,120.0
kaz02_0114,124.0
kaz02_0115,126.0
kaz02_0116,118.0
kaz02_0117,121.0
kaz02_0118,126.0
kaz02_0119,127.0
kaz02_0120,120.0
kaz02_0121,123.0
kaz02_0122,123.0
kaz02_0123,124.0
kaz02_0124,123.0
kaz02_0125,123.0
kaz02_0126,122.0
kaz02_0127,123.0
kaz02_0128,122.0
kaz02_0129,126.0
kaz02_0130,124.0
kaz02_0131,124.0
kaz02_0132,123.0
kaz02_0133,123.0
kaz02_0134,124.0
kaz02_0135,126.0
kaz02_0136,123.0
kaz02_0137,120.0
kaz02_0138,123.0
kaz02_0139,125.0
kaz02_0140,119.0
kaz02_0141,120.0
kaz02_0142,123.0
kaz02_0143,124.0
kaz02_0144,118.0
kaz02_0145,122.0
kaz02_0146,122.0
kaz02_0147,123.0
kaz02_0148,121.0
kaz02_0149,122.0
kaz02_0150,122.0
kaz02_0151,124.0
kaz02_0152,120.0
kaz02_0153,113.0
kaz02_0154,114.0
kaz02_0155,115.0
kaz02_0156,113.0
kaz02_0157,115.0
kaz02_0158,113.0
kaz02_0159,115.0
kaz02_0160,114.0
kaz02_0161,118.0
kaz02_0162,116.0
kaz02_0163,117.0
kaz02_0164,116.0
kaz02_0165,117.0
kaz02_0166,115.0
kaz02_0167,117.0
kaz02_0168,116.0
kaz02_0169,121.0
kaz02_0170,119.0
kaz02_0171,120.0
kaz02_0172,119.0
kaz02_0173,120.0
kaz02_0174,119.0
kaz02_0175,120.0
kaz02_0176,119.0
kaz02_0177,118.0
kaz02_0178,117.0
kaz02_0179,118.0
kaz02_0180,116.0
kaz02_0181,117.0
kaz02_0182,116.0
kaz02_0183,118.0
kaz02_0184,116.0
kaz02_0185,119.0
kaz02_0186,118.0
kaz02_0187,119.0
kaz02_0188,117.0
kaz02_0189,119.0
kaz02_0190,118.0
kaz02_0191,120.0
kaz02_0192,117.0
kaz02_0193,120.0
kaz02_0194,118.0
kaz02_0195,120.0
kaz02_0196,118.0
kaz02_0197,120.0
kaz02_0198,118.0
kaz02_0199,120.0
kaz02_0200,118.0
kaz02_0201,118.0
kaz02_0202,117.0
kaz02_0203,118.0
kaz02_0204,116.0
kaz02_0205,117.0
kaz02_0206,116.0
kaz02_0207,118.0
kaz02_0208,117.0
kaz02_0209,123.0
kaz02_0210,119.0
kaz02_0211,120.0
kaz02_0212,120.0
kaz02_0213,121.0
kaz02_0214,118.0
kaz02_0215,121.0
kaz02_0216,118.0
kaz02_0217,122.0
kaz02_0218,120.0
kaz02_0219,122.0
kaz02_0220,119.0
kaz02_0221,121.0
kaz02_0222,119.0
kaz02_0223,121.0
kaz02_0224,118.0
kaz02_0225,124.0
kaz02_0226,118.0
kaz02_0227,121.0
kaz02_0228,121.0
kaz02_0229,124.0
kaz02_0230,118.0
kaz02_0231,120.0
kaz02_0232,120.0
kaz02_0233,119.0
kaz02_0234,117.0
kaz02_0235,120.0
kaz02_0236,117.0
kaz02_0237,119.0
kaz02_0238,117.0
kaz02_0239,119.0
kaz02_0240,117.0
kaz02_0241,126.0
kaz02_0242,120.0
kaz02_0243,123.0
kaz02_0244,123.0
kaz02_0245,124.0
kaz02_0246,120.0
kaz02_0247,122.0
kaz02_0248,122.0
kaz02_0249,124.0
kaz02_0250,119.0
kaz02_0251,121.0
kaz02_0252,122.0
kaz02_0253,124.0
kaz02_0254,119.0
kaz02_0255,118.0
kaz02_0256,120.0
kaz02_0257,120.0
kaz02_0258,120.0
kaz02_0259,121.0
kaz02_0260,117.0
kaz02_0261,119.0
kaz02_0262,119.0
kaz02_0263,120.0
kaz02_0264,117.0
kaz02_0265,122.0
kaz02_0266,121.0
kaz02_0267,122.0
kaz02_0268,120.0
kaz02_0269,122.0
kaz02_0270,120.0
kaz02_0271,122.0
kaz02_0272,120.0
kaz02_0273,122.0
kaz02_0274,122.0
kaz02_0275,124.0
kaz02_0276,119.0
kaz02_0277,122.0
kaz02_0278,121.0
kaz02_0279,123.0
kaz02_0280,119.0
kaz02_0281,123.0
kaz02_0282,124.0
kaz02_0283,128.0
kaz02_0284,121.0
kaz02_0285,123.0
kaz02_0286,120.0
kaz02_0287,122.0
kaz02_0288,121.0
kaz02_0289,121.0
kaz02_0290,123.0
kaz02_0291,122.0
kaz02_0292,121.0
kaz02_0293,124.0
kaz02_0294,124.0
kaz02_0295,126.0
kaz02_0296,120.0
kaz02_0297,118.0
kaz02_0298,118.0
kaz02_0299,120.0
kaz02_0300,117.0
kaz02_0301,120.0
kaz02_0302,118.0
kaz02_0303,120.0
kaz02_0304,118.0
kaz02_0305,127.0
kaz02_0306,121.0
kaz02_0307,123.0
kaz02_0308,124.0
kaz02_0309,125.0
kaz02_0310,120.0
kaz02_0311,121.0
kaz02_0312,120.0
kaz02_0313,114.0
kaz02_0314,115.0
kaz02_0315,116.0
kaz02_0316,119.0
kaz02_0317,121.0
kaz02_0318,117.0
kaz02_0319,119.0
kaz02_0320,118.0
kaz02_0321,119.0
kaz02_0322,117.0
kaz02_0323,118.0
kaz02_0324,117.0
kaz02_0325,117.0
kaz02_0326,119.0
kaz02_0327,118.0
kaz02_0328,117.0
kaz02_0329,119.0
kaz02_0330,118.0
kaz02_0331,119.0
kaz02_0332,120.0
kaz02_0333,120.0
kaz02_0334,120.0
kaz02_0335,119.0
kaz02_0336,120.0
kaz02_0337,121.0
kaz02_0338,123.0
kaz02_0339,124.0
kaz02_0340,121.0
kaz02_0341,121.0
kaz02_0342,122.0
kaz02_0343,120.0
kaz02_0344,117.0
kaz02_0345,101.0
kaz02_0346,106.0
kaz02_0347,107.0
kaz02_0348,106.0
kaz02_0349,105.0
kaz02_0350,107.0
kaz02_0351,106.0
kaz02_0352,103.0
kaz02_0353,120.0
kaz02_0354,119.0
kaz02_0355,120.0
kaz02_0356,122.0
kaz02_0357,125.0
kaz02_0358,121.0
kaz02_0359,120.0
kaz02_0360,122.0
kaz02_0361,121.0
kaz02_0362,118.0
kaz02_0363,121.0
kaz02_0364,121.0
kaz02_0365,125.0
kaz02_0366,119.0
kaz02_0367,122.0
kaz02_0368,122.0
kaz02_0369,121.0
kaz02_0370,116.0
kaz02_0371,114.0
kaz02_0372,113.0
kaz02_0373,115.0
kaz02_0374,116.0
kaz02_0375,116.0
kaz02_0376,117.0
kaz02_0377,123.0
kaz02_0378,119.0
kaz02_0379,122.0
kaz02_0380,124.0
kaz02_0381,123.0
kaz02_0382,119.0
kaz02_0383,122.0
kaz02_0384,121.0
kaz02_0385,126.0
kaz02_0386,127.0
kaz02_0387,130.0
kaz02_0388,127.0
kaz02_0389,130.0
kaz02_0390,124.0
kaz02_0391,123.0
kaz02_0392,126.0
kaz02_0393,125.0
kaz02_0394,120.0
kaz02_0395,120.0
kaz02_0396,123.0
kaz02_0397,125.0
kaz02_0398,121.0
kaz02_0399,123.0
kaz02_0400,120.0
kaz02_0401,121.0
kaz02_0402,120.0
kaz02_0403,121.0
kaz02_0404,119.0
kaz02_0405,120.0
kaz02_0406,118.0
kaz02_0407,121.0
kaz02_0408,119.0
kaz02_0409,123.0
kaz02_0410,120.0
kaz02_0411,122.0
kaz02_0412,118.0
kaz02_0413,117.0
kaz02_0414,119.0
kaz02_0415,123.0
kaz02_0416,118.0
kaz02_0417,120.0
kaz02_0418,119.0
kaz02_0419,123.0
kaz02_0420,121.0
kaz02_0421,125.0
kaz02_0422,119.0
kaz02_0423,119.0
kaz02_0424,122.0
kaz02_0425,119.0
kaz02_0426,117.0
kaz02_0427,119.0
kaz02_0428,120.0
kaz02_0429,119.0
kaz02_0430,118.0
kaz02_0431,120.0
kaz02_0432,120.0
kaz02_0433,120.0
kaz02_0434,118.0
kaz02_0435,121.0
kaz02_0436,119.0
kaz02_0437,121.0
kaz02_0438,119.0
kaz02_0439,121.0
kaz02_0440,118.0
kaz02_0441,120.0
kaz02_0442,120.0
kaz02_0443,122.0
kaz02_0444,118.0
kaz02_0445,120.0
kaz02_0446,120.0
kaz02_0447,123.0
kaz02_0448,117.0
kaz02_0449,121.0
kaz02_0450,118.0
kaz02_0451,121.0
kaz02_0452,119.0
kaz02_0453,122.0
kaz02_0454,119.0
kaz02_0455,122.0
kaz02_0456,119.0
kaz02_0457,125.0
kaz02_0458,119.0
kaz02_0459,121.0
kaz02_0460,122.0
kaz02_0461,125.0
kaz02_0462,118.0
kaz02_0463,121.0
kaz02_0464,122.0
kaz02_0465,125.0
kaz02_0466,118.0
kaz02_0467,121.0
kaz02_0468,122.0
kaz02_0469,126.0
kaz02_0470,118.0
kaz02_0471,121.0
kaz02_0472,121.0
kaz02_0473,122.0
kaz02_0474,121.0
kaz02_0475,124.0
kaz02_0476,120.0
kaz02_0477,122.0
kaz02_0478,120.0
kaz02_0479,123.0
kaz02_0480,119.0
kaz02_0481,124.0
kaz02_0482,116.0
kaz02_0483,119.0
kaz02_0484,119.0
kaz02_0485,123.0
kaz02_0486,118.0
kaz02_0487,122.0
kaz02_0488,119.0
kaz02_0489,118.0
kaz02_0490,115.0
kaz02_0491,118.0
kaz02_0492,117.0
kaz02_0493,120.0
kaz02_0494,117.0
kaz02_0495,119.0
kaz02_0496,109.0
kaz02_0497,102.0
kaz02_0498,105.0
kaz02_0499,109.0
kaz02_0500,110.0
kaz02_0501,114.0
kaz02_0502,111.0
kaz02_0503,113.0
kaz02_0504,108.0
kaz02_0505,109.0
kaz02_0506,108.0
kaz02_0507,111.0
kaz02_0508,109.0
kaz02_0509,112.0
kaz02_0510,111.0
kaz02_0511,113.0
kaz02_0512,107.0
kaz02_0513,109.0
kaz02_0514,108.0
kaz02_0515,110.0
kaz02_0516,108.0
kaz02_0517,111.0
kaz02_0518,108.0
kaz02_0519,111.0
kaz02_0520,109.0
kaz02_0521,112.0
kaz02_0522,112.0
kaz02_0523,115.0
kaz02_0524,112.0
kaz02_0525,116.0
kaz02_0526,113.0
kaz02_0527,117.0
kaz02_0528,110.0
kaz02_0529,116.0
kaz02_0530,112.0
kaz02_0531,117.0
kaz02_0532,113.0
kaz02_0533,117.0
kaz02_0534,114.0
kaz02_0535,117.0
kaz02_0536,108.0
kaz02_0537,115.0
kaz02_0538,111.0
kaz02_0539,114.0
kaz02_0540,112.0
kaz02_0541,115.0
kaz02_0542,111.0
kaz02_0543,114.0
kaz02_0544,112.0
kaz02_0545,113.0
kaz02_0546,118.0
kaz02_0547,119.0
kaz02_0548,115.0
kaz02_0549,115.0
kaz02_0550,117.0
kaz02_0551,119.0
kaz02_0552,116.0
kaz02_0553,118.0
kaz02_0554,117.0
kaz02_0555,120.0
kaz02_0556,115.0
kaz02_0557,113.0
kaz02_0558,117.0
kaz02_0559,118.0
kaz02_0560,116.0
kaz02_0561,120.0
kaz02_0562,115.0
kaz02_0563,114.0
kaz02_0564,114.0
kaz02_0565,117.0
kaz02_0566,115.0
kaz02_0567,114.0
kaz02_0568,117.0
kaz02_0569,120.0
kaz02_0570,116.0
kaz02_0571,117.0
kaz02_0572,120.0
kaz02_0573,121.0
kaz02_0574,116.0
kaz02_0575,118.0
kaz02_0576,118.0
kaz02_0577,118.0
kaz02_0578,117.0
kaz02_0579,119.0
kaz02_0580,117.0
kaz02_0581,118.0
kaz02_0582,118.0
kaz02_0583,119.0
kaz02_0584,116.0
kaz02_0585,120.0
kaz02_0586,118.0
kaz02_0587,121.0
kaz02_0588,119.0
kaz02_0589,123.0
kaz02_0590,118.0
kaz02_0591,120.0
kaz02_0592,121.0
kaz02_0593,119.0
kaz02_0594,117.0
kaz02_0595,120.0
kaz02_0596,117.0
kaz02_0597,118.0
kaz02_0598,117.0
kaz02_0599,118.0
kaz02_0600,116.0
kaz02_0601,117.0
kaz02_0602,117.0
kaz02_0603,122.0
kaz02_0604,114.0
kaz02_0605,116.0
kaz02_0606,120.0
kaz02_0607,122.0
kaz02_0608,114.0
kaz02_0609,123.0
kaz02_0610,120.0
kaz02_0611,121.0
kaz02_0612,117.0
kaz02_0613,117.0
kaz02_0614,123.0
kaz02_0615,124.0
kaz02_0616,119.0
kaz02_0617,118.0
kaz02_0618,119.0
kaz02_0619,122.0
kaz02_0620,117.0
kaz02_0621,116.0
kaz02_0622,119.0
kaz02_0623,121.0
kaz02_0624,116.0
kaz02_0625,119.0
kaz02_0626,116.0
kaz02_0627,122.0
kaz02_0628,117.0
kaz02_0629,119.0
kaz02_0630,118.0
kaz02_0631,121.0
kaz02_0632,116.0
kaz02_0633,125.0
kaz02_0634,120.0
kaz02_0635,121.0
kaz02_0636,121.0
kaz02_0637,123.0
kaz02_0638,119.0
kaz02_0639,121.0
kaz02_0640,120.0
kaz02_0641,125.0
kaz02_0642,119.0
kaz02_0643,120.0
kaz02_0644,122.0
kaz02_0645,125.0
kaz02_0646,118.0
kaz02_0647,120.0
kaz02_0648,122.0
kaz02_0649,117.0
kaz02_0650,118.0
kaz02_0651,120.0
kaz02_0652,114.0
kaz02_0653,117.0
kaz02_0654,121.0
kaz02_0655,118.0
kaz02_0656,115.0
kaz02_0657,112.0
kaz02_0658,118.0
kaz02_0659,115.0
kaz02_0660,114.0
kaz02_0661,112.0
kaz02_0662,114.0
kaz02_0663,115.0
kaz02_0664,115.0
kaz02_0665,119.0
kaz02_0666,118.0
kaz02_0667,120.0
kaz02_0668,117.0
kaz02_0669,118.0
kaz02_0670,116.0
kaz02_0671,118.0
kaz02_0672,116.0
kaz02_0673,115.0
kaz02_0674,115.0
kaz02_0675,118.0
kaz02_0676,112.0
kaz02_0677,114.0
kaz02_0678,111.0
kaz02_0679,116.0
kaz02_0680,112.0
kaz02_0681,110.0
kaz02_0682,113.0
kaz02_0683,114.0
kaz02_0684,106.0
kaz02_0685,110.0
kaz02_0686,111.0
kaz02_0687,112.0
kaz02_0688,107.0
kaz02_0689,108.0
kaz02_0690,115.0
kaz02_0691,117.0
kaz02_0692,109.0
kaz02_0693,112.0
kaz02_0694,115.0
kaz02_0695,118.0
kaz02_0696,110.0
kaz02_0697,110.0
kaz02_0698,111.0
kaz02_0699,112.0
kaz02_0700,107.0
kaz02_0701,110.0
kaz02_0702,111.0
kaz02_0703,113.0
kaz02_0704,108.0
kaz02_0705,113.0
kaz02_0706,111.0
kaz02_0707,116.0
kaz02_0708,111.0
kaz02_0709,113.0
kaz02_0710,116.0
kaz02_0711,118.0
kaz02_0712,115.0
kaz02_0713,121.0
kaz02_0714,115.0
kaz02_0715,118.0
kaz02_0716,115.0
kaz02_0717,118.0
kaz02_0718,114.0
kaz02_0719,116.0
kaz02_0720,116.0
kaz02_0721,115.0
kaz02_0722,111.0
kaz02_0723,113.0
kaz02_0724,111.0
kaz02_0725,114.0
kaz02_0726,110.0
kaz02_0727,111.0
kaz02_0728,113.0
kaz02_0729,122.0
kaz02_0730,113.0
kaz02_0731,115.0
kaz02_0732,116.0
kaz02_0733,121.0
kaz02_0734,114.0
kaz02_0735,118.0
kaz02_0736,116.0
kaz02_0737,112.0
kaz02_0738,113.0
kaz02_0739,116.0
kaz02_0740,114.0
kaz02_0741,117.0
kaz02_0742,113.0
kaz02_0743,116.0
kaz02_0744,113.0
kaz02_0745,116.0
kaz02_0746,118.0
kaz02_0747,121.0
kaz02_0748,115.0
kaz02_0749,117.0
kaz02_0750,117.0
kaz02_0751,120.0
kaz02_0752,116.0
kaz02_0753,118.0
kaz02_0754,113.0
kaz02_0755,116.0
kaz02_0756,114.0
kaz02_0757,117.0
kaz02_0758,113.0
kaz02_0759,116.0
kaz02_0760,114.0
kaz02_0761,115.0
kaz02_0762,113.0
kaz02_0763,116.0
kaz02_0764,112.0
kaz02_0765,116.0
kaz02_0766,110.0
kaz02_0767,116.0
kaz02_0768,111.0
kaz02_0769,118.0
kaz02_0770,118.0
kaz02_0771,123.0
kaz02_0772,115.0
kaz02_0773,119.0
kaz02_0774,115.0
kaz02_0775,121.0
kaz02_0776,113.0
kaz02_0777,115.0
kaz02_0778,115.0
kaz02_0779,121.0
kaz02_0780,112.0
kaz02_0781,116.0
kaz02_0782,115.0
kaz02_0783,118.0
kaz02_0784,111.0
kaz02_0785,115.0
kaz02_0786,114.0
kaz02_0787,118.0
kaz02_0788,111.0
kaz02_0789,115.0
kaz02_0790,116.0
kaz02_0791,120.0
kaz02_0792,112.0
kaz02_0793,115.0
kaz02_0794,116.0
kaz02_0795,120.0
kaz02_0796,114.0
kaz02_0797,117.0
kaz02_0798,117.0
kaz02_0799,121.0
kaz02_0800,112.0
kaz02_0801,117.0
kaz02_0802,114.0
kaz02_0803,118.0
kaz02_0804,114.0
kaz02_0805,119.0
kaz02_0806,114.0
kaz02_0807,117.0
kaz02_0808,113.0
kaz02_0809,119.0
kaz02_0810,111.0
kaz02_0811,114.0
kaz02_0812,116.0
kaz02_0813,119.0
kaz02_0814,110.0
kaz02_0815,114.0
kaz02_0816,114.0
kaz02_0817,117.0
kaz02_0818,114.0
kaz02_0819,120.0
kaz02_0820,116.0
kaz02_0821,118.0
kaz02_0822,116.0
kaz02_0823,119.0
kaz02_0824,113.0
kaz02_0825,120.0
kaz02_0826,113.0
kaz02_0827,117.0
kaz02_0828,116.0
kaz02_0829,119.0
kaz02_0830,114.0
kaz02_0831,119.0
kaz02_0832,115.0
kaz02_0833,115.0
kaz02_0834,110.0
kaz02_0835,114.0
kaz02_0836,110.0
kaz02_0837,115.0
kaz02_0838,109.0
kaz02_0839,111.0
kaz02_0840,109.0
kaz02_0841,114.0
kaz02_0842,109.0
kaz02_0843,114.0
kaz02_0844,113.0
kaz02_0845,115.0
kaz02_0846,114.0
kaz02_0847,116.0
kaz02_0848,111.0
kaz02_0849,114.0
kaz02_0850,107.0
kaz02_0851,114.0
kaz02_0852,113.0
kaz02_0853,114.0
kaz02_0854,111.0
kaz02_0855,115.0
kaz02_0856,110.0
kaz02_0857,118.0
kaz02_0858,111.0
kaz02_0859,113.0
kaz02_0860,114.0
kaz02_0861,119.0
kaz02_0862,113.0
kaz02_0863,116.0
kaz02_0864,116.0
kaz02_0865,116.0
kaz02_0866,114.0
kaz02_0867,120.0
kaz02_0868,114.0
kaz02_0869,116.0
kaz02_0870,114.0
kaz02_0871,119.0
kaz02_0872,113.0
kaz02_0873,119.0
kaz02_0874,109.0
kaz02_0875,114.0
kaz02_0876,116.0
kaz02_0877,121.0
kaz02_0878,109.0
kaz02_0879,113.0
kaz02_0880,117.0
kaz02_0881,122.0
kaz02_0882,108.0
kaz02_0883,112.0
kaz02_0884,117.0
kaz02_0885,121.0
kaz02_0886,116.0
kaz02_0887,122.0
kaz02_0888,108.0
kaz02_0889,112.0
kaz02_0890,109.0
kaz02_0891,114.0
kaz02_0892,115.0
kaz02_0893,119.0
kaz02_0894,114.0
kaz02_0895,117.0
kaz02_0896,105.0
kaz02_0897,121.0
kaz02_0898,107.0
kaz02_0899,112.0
kaz02_0900,116.0
kaz02_0901,119.0
kaz02_0902,111.0
kaz02_0903,116.0
kaz02_0904,122.0
kaz02_0905,124.0
kaz02_0906,108.0
kaz02_0907,114.0
kaz02_0908,116.0
kaz02_0909,120.0
kaz02_0910,114.0
kaz02_0911,117.0
kaz02_0912,112.0
kaz02_0913,116.0
kaz02_0914,116.0
kaz02_0915,120.0
kaz02_0916,116.0
kaz02_0917,118.0
kaz02_0918,113.0
kaz02_0919,118.0
kaz02_0920,113.0
kaz02_0921,123.0
kaz02_0922,119.0
kaz02_0923,125.0
kaz02_0924,119.0
kaz02_0925,120.0
kaz02_0926,116.0
kaz02_0927,121.0
kaz02_0928,111.0
kaz02_0929,113.0
kaz02_0930,113.0
kaz02_0931,118.0
kaz02_0932,110.0
kaz02_0933,116.0
kaz02_0934,112.0
kaz02_0935,117.0
kaz02_0936,111.0
kaz02_0937,123.0
kaz02_0938,114.0
kaz02_0939,120.0
kaz02_0940,118.0
kaz02_0941,121.0
kaz02_0942,114.0
kaz02_0943,119.0
kaz02_0944,116.0
kaz02_0945,125.0
kaz02_0946,114.0
kaz02_0947,121.0
kaz02_0948,121.0
kaz02_0949,122.0
kaz02_0950,113.0
kaz02_0951,118.0
kaz02_0952,118.0
kaz02_0953,124.0
kaz02_0954,114.0
kaz02_0955,120.0
kaz02_0956,118.0
kaz02_0957,119.0
kaz02_0958,115.0
kaz02_0959,118.0
kaz02_0960,116.0
kaz02_0961,116.0
kaz02_0962,113.0
kaz02_0963,117.0
kaz02_0964,113.0
kaz02_0965,118.0
kaz02_0966,113.0
kaz02_0967,116.0
kaz02_0968,111.0
kaz02_0969,113.0
kaz02_0970,114.0
kaz02_0971,117.0
kaz02_0972,113.0
kaz02_0973,116.0
kaz02_0974,113.0
kaz02_0975,117.0
kaz02_0976,112.0
kaz02_0977,114.0
kaz02_0978,113.0
kaz02_0979,117.0
kaz02_0980,111.0
kaz02_0981,115.0
kaz02_0982,112.0
kaz02_0983,116.0
kaz02_0984,111.0
kaz02_0985,118.0
kaz02_0986,115.0
kaz02_0987,120.0
kaz02_0988,113.0
kaz02_0989,117.0
kaz02_0990,113.0
kaz02_0991,117.0
kaz02_0992,113.0
kaz02_0993,119.0
kaz02_0994,113.0
kaz02_0995,118.0
kaz02_0996,115.0
kaz02_0997,120.0
kaz02_0998,113.0
kaz02_0999,118.0
kaz02_1000,116.0
kaz02_1001,124.0
kaz02_1002,124.0
kaz02_1003,127.0
kaz02_1004,119.0
kaz02_1005,118.0
kaz02_1006,127.0
kaz02_1007,128.0
kaz02_1008,117.0
kaz02_1009,117.0
kaz02_1010,116.0
kaz02_1011,120.0
kaz02_1012,114.0
kaz02_1013,117.0
kaz02_1014,118.0
kaz02_1015,122.0
kaz02_1016,110.0
kaz02_1017,118.0
kaz02_1018,113.0
kaz02_1019,116.0
kaz02_1020,114.0
kaz02_1021,119.0
kaz02_1022,113.0
kaz02_1023,117.0
kaz02_1024,114.0
kaz02_1025,125.0
kaz02_1026,112.0
kaz02_1027,116.0
kaz02_1028,120.0
kaz02_1029,125.0
kaz02_1030,112.0
kaz02_1031,115.0
kaz02_1032,120.0
kaz02_1033,119.0
kaz02_1034,114.0
kaz02_1035,118.0
kaz02_1036,114.0
kaz02_1037,118.0
kaz02_1038,113.0
kaz02_1039,118.0
kaz02_1040,114.0
kaz02_1041,123.0
kaz02_1042,115.0
kaz02_1043,120.0
kaz02_1044,120.0
kaz02_1045,124.0
kaz02_1046,115.0
kaz02_1047,120.0
kaz02_1048,118.0
kaz02_1049,125.0
kaz02_1050,112.0
kaz02_1051,118.0
kaz02_1052,120.0
kaz02_1053,126.0
kaz02_1054,115.0
kaz02_1055,119.0
kaz02_1056,120.0
kaz02_1057,124.0
kaz02_1058,119.0
kaz02_1059,124.0
kaz02_1060,119.0
kaz02_1061,125.0
kaz02_1062,118.0
kaz02_1063,122.0
kaz02_1064,121.0
kaz02_1065,119.0
kaz02_1066,114.0
kaz02_1067,119.0
kaz02_1068,116.0
kaz02_1069,121.0
kaz02_1070,114.0
kaz02_1071,119.0
kaz02_1072,116.0
kaz02_1073,120.0
kaz02_1074,115.0
kaz02_1075,120.0
kaz02_1076,116.0
kaz02_1077,120.0
kaz02_1078,115.0
kaz02_1079,120.0
kaz02_1080,115.0
kaz02_1081,117.0
kaz02_1082,114.0
kaz02_1083,118.0
kaz02_1084,113.0
kaz02_1085,116.0
kaz02_1086,114.0
kaz02_1087,118.0
kaz02_1088,112.0
kaz02_1089,117.0
kaz02_1090,112.0
kaz02_1091,115.0
kaz02_1092,117.0
kaz02_1093,119.0
kaz02_1094,110.0
kaz02_1095,114.0
kaz02_1096,116.0
kaz02_1097,117.0
kaz02_1098,115.0
kaz02_1099,118.0
kaz02_1100,114.0
kaz02_1101,115.0
kaz02_1102,113.0
kaz02_1103,117.0
kaz02_1104,115.0
kaz02_1105,120.0
kaz02_1106,120.0
kaz02_1107,124.0
kaz02_1108,116.0
kaz02_1109,120.0
kaz02_1110,121.0
kaz02_1111,124.0
kaz02_1112,117.0
kaz02_1113,116.0
kaz02_1114,116.0
kaz02_1115,119.0
kaz02_1116,114.0
kaz02_1117,117.0
kaz02_1118,116.0
kaz02_1119,119.0
kaz02_1120,113.0
kaz02_1121,116.0
kaz02_1122,119.0
kaz02_1123,123.0
kaz02_1124,113.0
kaz02_1125,118.0
kaz02_1126,117.0
kaz02_1127,121.0
kaz02_1128,112.0
kaz02_1129,113.0
kaz02_1130,113.0
kaz02_1131,116.0
kaz02_1132,111.0
kaz02_1133,115.0
kaz02_1134,119.0
kaz02_1135,121.0
kaz02_1136,111.0
kaz02_1137,113.0
kaz02_1138,111.0
kaz02_1139,114.0
kaz02_1140,114.0
kaz02_1141,118.0
kaz02_1142,115.0
kaz02_1143,118.0
kaz02_1144,114.0
kaz02_1145,118.0
kaz02_1146,115.0
kaz02_1147,119.0
kaz02_1148,115.0
kaz02_1149,118.0
kaz02_1150,115.0
kaz02_1151,118.0
kaz02_1152,116.0
kaz02_1153,119.0
kaz02_1154,119.0
kaz02_1155,121.0
kaz02_1156,119.0
kaz02_1157,120.0
kaz02_1158,120.0
kaz02_1159,121.0
kaz02_1160,118.0
kaz02_1161,120.0
kaz02_1162,122.0
kaz02_1163,124.0
kaz02_1164,119.0
kaz02_1165,122.0
kaz02_1166,122.0
kaz02_1167,124.0
kaz02_1168,119.0
kaz02_1169,119.0
kaz02_1170,118.0
kaz02_1171,119.0
kaz02_1172,114.0
kaz02_1173,116.0
kaz02_1174,117.0
kaz02_1175,120.0
kaz02_1176,118.0
kaz02_1177,117.0
kaz02_1178,117.0
kaz02_1179,120.0
kaz02_1180,116.0
kaz02_1181,118.0
kaz02_1182,120.0
kaz02_1183,119.0
kaz02_1184,118.0
kaz02_1185,120.0
kaz02_1186,121.0
kaz02_1187,123.0
kaz02_1188,119.0
kaz02_1189,121.0
kaz02_1190,121.0
kaz02_1191,123.0
kaz02_1192,116.0
kaz02_1193,124.0
kaz02_1194,122.0
kaz02_1195,124.0
kaz02_1196,123.0
kaz02_1197,125.0
kaz02_1198,121.0
kaz02_1199,123.0
kaz02_1200,122.0
kaz02_1201,118.0
kaz02_1202,122.0
kaz02_1203,123.0
kaz02_1204,117.0
kaz02_1205,118.0
kaz02_1206,119.0
kaz02_1207,121.0
kaz02_1208,115.0
kaz02_1209,117.0
kaz02_1210,116.0
kaz02_1211,119.0
kaz02_1212,116.0
kaz02_1213,119.0
kaz02_1214,116.0
kaz02_1215,118.0
kaz02_1216,117.0
kaz02_1217,119.0
kaz02_1218,117.0
kaz02_1219,119.0
kaz02_1220,118.0
kaz02_1221,119.0
kaz02_1222,116.0
kaz02_1223,119.0
kaz02_1224,117.0
kaz02_1225,119.0
kaz02_1226,120.0
kaz02_1227,122.0
kaz02_1228,117.0
kaz02_1229,120.0
kaz02_1230,119.0
kaz02_1231,121.0
kaz02_1232,117.0
kaz02_1233,122.0
kaz02_1234,119.0
kaz02_1235,121.0
kaz02_1236,119.0
kaz02_1237,122.0
kaz02_1238,118.0
kaz02_1239,120.0
kaz02_1240,118.0
kaz02_1241,120.0
kaz02_1242,119.0
kaz02_1243,121.0
kaz02_1244,120.0
kaz02_1245,121.0
kaz02_1246,118.0
kaz02_1247,121.0
kaz02_1248,118.0
kaz02_1249,119.0
kaz02_1250,118.0
kaz02_1251,120.0
kaz02_1252,117.0
kaz02_1253,119.0
kaz02_1254,118.0
kaz02_1255,121.0
kaz02_1256,116.0
kaz02_1257,120.0
kaz02_1258,118.0
kaz02_1259,121.0
kaz02_1260,117.0
kaz02_1261,120.0
kaz02_1262,118.0
kaz02_1263,121.0
kaz02_1264,118.0
kaz02_1265,122.0
kaz02_1266,120.0
kaz02_1267,123.0
kaz02_1268,120.0
kaz02_1269,123.0
kaz02_1270,121.0
kaz02_1271,124.0
kaz02_1272,119.0
kaz02_1273,121.0
kaz02_1274,120.0
kaz02_1275,123.0
kaz02_1276,120.0
kaz02_1277,123.0
kaz02_1278,121.0
kaz02_1279,123.0
kaz02_1280,119.0
kaz02_1281,119.0
kaz02_1282,119.0
kaz02_1283,122.0
kaz02_1284,117.0
kaz02_1285,116.0
kaz02_1286,122.0
kaz02_1287,122.0
kaz02_1288,117.0
kaz02_1289,120.0
kaz02_1290,119.0
kaz02_1291,122.0
kaz02_1292,118.0
kaz02_1293,121.0
kaz02_1294,120.0
kaz02_1295,122.0
kaz02_1296,119.0
kaz02_1297,127.0
kaz02_1298,118.0
kaz02_1299,121.0
kaz02_1300,125.0
kaz02_1301,125.0
kaz02_1302,118.0
kaz02_1303,122.0
kaz02_1304,124.0
kaz02_1305,128.0
kaz02_1306,120.0
kaz02_1307,120.0
kaz02_1308,126.0
kaz02_1309,121.0
kaz02_1310,120.0
kaz02_1311,121.0
kaz02_1312,123.0
kaz02_1313,123.0
kaz02_1314,117.0
kaz02_1315,118.0
kaz02_1316,122.0
kaz02_1317,121.0
kaz02_1318,117.0
kaz02_1319,118.0
kaz02_1320,119.0
kaz02_1321,114.0
kaz02_1322,115.0
kaz02_1323,115.0
kaz02_1324,112.0
kaz02_1325,113.0
kaz02_1326,117.0
kaz02_1327,118.0
kaz02_1328,112.0
kaz02_1329,119.0
kaz02_1330,118.0
kaz02_1331,119.0
kaz02_1332,119.0
kaz02_1333,121.0
kaz02_1334,119.0
kaz02_1335,120.0
kaz02_1336,118.0
kaz02_1337,117.0
kaz02_1338,111.0
kaz02_1339,112.0
kaz02_1340,114.0
kaz02_1341,115.0
kaz02_1342,110.0
kaz02_1343,111.0
kaz02_1344,113.0
kaz02_1345,113.0
kaz02_1346,113.0
kaz02_1347,116.0
kaz02_1348,112.0
kaz02_1349,113.0
kaz02_1350,113.0
kaz02_1351,114.0
kaz02_1352,112.0
kaz02_1353,115.0
kaz02_1354,113.0
kaz02_1355,115.0
kaz02_1356,114.0
kaz02_1357,116.0
kaz02_1358,113.0
kaz02_1359,114.0
kaz02_1360,115.0
kaz02_1361,117.0
kaz02_1362,116.0
kaz02_1363,117.0
kaz02_1364,116.0
kaz02_1365,115.0
kaz02_1366,112.0
kaz02_1367,114.0
kaz02_1368,113.0
kaz02_1369,113.0
kaz02_1370,109.0
kaz02_1371,110.0
kaz02_1372,110.0
kaz02_1373,112.0
kaz02_1374,109.0
kaz02_1375,111.0
kaz02_1376,110.0
kaz02_1377,114.0
kaz02_1378,111.0
kaz02_1379,112.0
kaz02_1380,113.0
kaz02_1381,114.0
kaz02_1382,111.0
kaz02_1383,112.0
kaz02_1384,113.0
kaz02_1385,112.0
kaz02_1386,115.0
kaz02_1387,117.0
kaz02_1388,111.0
kaz02_1389,112.0
kaz02_1390,113.0
kaz02_1391,114.0
kaz02_1392,109.0
kaz02_1393,110.0
kaz02_1394,111.0
kaz02_1395,113.0
kaz02_1396,111.0
kaz02_1397,111.0
kaz02_1398,109.0
kaz02_1399,112.0
kaz02_1400,109.0
kaz02_1401,113.0
kaz02_1402,112.0
kaz02_1403,130.0
kaz02_1404,111.0
kaz02_1405,120.0
kaz02_1406,113.0
kaz02_1407,113.0
kaz02_1408,110.0
kaz02_1409,112.0
kaz02_1410,109.0
kaz02_1411,112.0
kaz02_1412,111.0
kaz02_1413,109.0
kaz02_1414,109.0
kaz02_1415,111.0
kaz02_1416,109.0
kaz02_1417,110.0
kaz02_1418,113.0
kaz02_1419,117.0
kaz02_1420,112.0
kaz02_1421,115.0
kaz02_1422,114.0
kaz02_1423,115.0
kaz02_1424,111.0
kaz02_1425,119.0
kaz02_1426,114.0
kaz02_1427,115.0
kaz02_1428,117.0
kaz02_1429,119.0
kaz02_1430,114.0
kaz02_1431,113.0
kaz02_1432,116.0
kaz02_1433,129.0
kaz02_1434,119.0
kaz02_1435,121.0
kaz02_1436,117.0
kaz02_1437,118.0
kaz02_1438,118.0
kaz02_1439,125.0
kaz02_1440,115.0
kaz02_1441,126.0
kaz02_1442,117.0
kaz02_1443,125.0
kaz02_1444,112.0
kaz02_1445,116.0
kaz02_1446,117.0
kaz02_1447,120.0
kaz02_1448,118.0
kaz02_1449,112.0
kaz02_1450,112.0
kaz02_1451,119.0
kaz02_1452,112.0
kaz02_1453,114.0
kaz02_1454,114.0
kaz02_1455,119.0
kaz02_1456,114.0
kaz02_1457,112.0
kaz02_1458,107.0
kaz02_1459,116.0
kaz02_1460,108.0
kaz02_1461,112.0
kaz02_1462,108.0
kaz02_1463,109.0
kaz02_1464,109.0
kaz02_1465,119.0
kaz02_1466,122.0
kaz02_1467,126.0
kaz02_1468,119.0
kaz02_1469,122.0
kaz02_1470,123.0
kaz02_1471,127.0
kaz02_1472,119.0
kaz02_1473,126.0
kaz02_1474,122.0
kaz02_1475,123.0
kaz02_1476,119.0
kaz02_1477,122.0
kaz02_1478,122.0
kaz02_1479,125.0
kaz02_1480,121.0
kaz02_1481,126.0
kaz02_1482,121.0
kaz02_1483,123.0
kaz02_1484,123.0
kaz02_1485,124.0
kaz02_1486,120.0
kaz02_1487,123.0
kaz02_1488,121.0
kaz02_1489,123.0
kaz02_1490,121.0
kaz02_1491,124.0
kaz02_1492,119.0
kaz02_1493,118.0
kaz02_1494,120.0
kaz02_1495,123.0
kaz02_1496,119.0
kaz02_1497,121.0
kaz02_1498,119.0
kaz02_1499,122.0
kaz02_1500,118.0
kaz02_1501,117.0
kaz02_1502,120.0
kaz02_1503,124.0
kaz02_1504,116.0
kaz02_1505,118.0
kaz02_1506,120.0
kaz02_1507,120.0
kaz02_1508,117.0
kaz02_1509,119.0
kaz02_1510,116.0
kaz02_1511,122.0
kaz02_1512,116.0
kaz02_1513,121.0
kaz02_1514,116.0
kaz02_1515,118.0
kaz02_1516,117.0
kaz02_1517,119.0
kaz02_1518,114.0
kaz02_1519,119.0
kaz02_1520,117.0
kaz02_1521,122.0
kaz02_1522,116.0
kaz02_1523,119.0
kaz02_1524,119.0
kaz02_1525,122.0
kaz02_1526,115.0
kaz02_1527,118.0
kaz02_1528,117.0
kaz02_1529,122.0
kaz02_1530,122.0
kaz02_1531,126.0
kaz02_1532,121.0
kaz02_1533,121.0
kaz02_1534,122.0
kaz02_1535,119.0
kaz02_1536,114.0
kaz02_1537,113.0
kaz02_1538,112.0
kaz02_1539,114.0
kaz02_1540,110.0
kaz02_1541,112.0
kaz02_1542,112.0
kaz02_1543,113.0
kaz02_1544,111.0
kaz02_1545,112.0
kaz02_1546,110.0
kaz02_1547,110.0
kaz02_1548,110.0
kaz02_1549,110.0
kaz02_1550,110.0
kaz02_1551,112.0
kaz02_1552,111.0
kaz02_1553,116.0
kaz02_1554,114.0
kaz02_1555,116.0
kaz02_1556,116.0
kaz02_1557,118.0
kaz02_1558,115.0
kaz02_1559,117.0
kaz02_1560,117.0
kaz02_1561,127.0
kaz02_1562,125.0
kaz02_1563,124.0
kaz02_1564,124.0
kaz02_1565,129.0
kaz02_1566,129.0
kaz02_1567,130.0
kaz02_1568,126.0
kaz02_1569,125.0
kaz02_1570,123.0
kaz02_1571,126.0
kaz02_1572,122.0
kaz02_1573,124.0
kaz02_1574,120.0
kaz02_1575,124.0
kaz02_1576,122.0
kaz02_1577,117.0
kaz02_1578,113.0
kaz02_1579,115.0
kaz02_1580,115.0
kaz02_1581,116.0
kaz02_1582,113.0
kaz02_1583,114.0
kaz02_1584,111.0
kaz02_1585,117.0
kaz02_1586,115.0
kaz02_1587,116.0
kaz02_1588,114.0
kaz02_1589,115.0
kaz02_1590,116.0
kaz02_1591,119.0
kaz02_1592,116.0
kaz02_1593,129.0
kaz02_1594,119.0
kaz02_1595,125.0
kaz02_1596,128.0
kaz02_1597,128.0
kaz02_1598,117.0
kaz02_1599,124.0
kaz02_1600,123.0
kaz02_1601,124.0
kaz02_1602,118.0
kaz02_1603,122.0
kaz02_1604,120.0
kaz02_1605,120.0
kaz02_1606,114.0
kaz02_1607,118.0
kaz02_1608,116.0
kaz02_1609,121.0
kaz02_1610,113.0
kaz02_1611,117.0
kaz02_1612,116.0
kaz02_1613,116.0
kaz02_1614,113.0
kaz02_1615,117.0
kaz02_1616,111.0
kaz02_1617,127.0
kaz02_1618,120.0
kaz02_1619,122.0
kaz02_1620,123.0
kaz02_1621,120.0
kaz02_1622,120.0
kaz02_1623,125.0
kaz02_1624,120.0
kaz02_1625,116.0
kaz02_1626,119.0
kaz02_1627,122.0
kaz02_1628,113.0
kaz02_1629,117.0
kaz02_1630,118.0
kaz02_1631,122.0
kaz02_1632,113.0
kaz02_1633,127.0
kaz02_1634,114.0
kaz02_1635,119.0
kaz02_1636,119.0
kaz02_1637,118.0
kaz02_1638,109.0
